{
  "id": "4008041",
  "name": "物联网",
  "font_family": "iconfont",
  "css_prefix_text": "icon-",
  "description": "",
  "glyphs": [
    {
      "icon_id": "35743344",
      "name": "区域",
      "font_class": "quyu",
      "unicode": "e656",
      "unicode_decimal": 58966
    },
    {
      "icon_id": "35743345",
      "name": "小区管理",
      "font_class": "xiaoquguanli",
      "unicode": "e659",
      "unicode_decimal": 58969
    },
    {
      "icon_id": "35743346",
      "name": "楼栋管理",
      "font_class": "loudongguanli",
      "unicode": "e65a",
      "unicode_decimal": 58970
    },
    {
      "icon_id": "35556982",
      "name": "编辑",
      "font_class": "bianji2",
      "unicode": "e71e",
      "unicode_decimal": 59166
    },
    {
      "icon_id": "35263464",
      "name": "设备",
      "font_class": "shebei",
      "unicode": "e71d",
      "unicode_decimal": 59165
    },
    {
      "icon_id": "35253959",
      "name": "圆",
      "font_class": "yuan",
      "unicode": "e71c",
      "unicode_decimal": 59164
    },
    {
      "icon_id": "35245900",
      "name": "停用",
      "font_class": "tingyong",
      "unicode": "e714",
      "unicode_decimal": 59156
    },
    {
      "icon_id": "35245901",
      "name": "列表",
      "font_class": "liebiao1",
      "unicode": "e715",
      "unicode_decimal": 59157
    },
    {
      "icon_id": "35245902",
      "name": "发布",
      "font_class": "fabu",
      "unicode": "e716",
      "unicode_decimal": 59158
    },
    {
      "icon_id": "35245903",
      "name": "编辑",
      "font_class": "bianji1",
      "unicode": "e717",
      "unicode_decimal": 59159
    },
    {
      "icon_id": "35245904",
      "name": "搜索",
      "font_class": "sousuo1",
      "unicode": "e718",
      "unicode_decimal": 59160
    },
    {
      "icon_id": "35245905",
      "name": "删除",
      "font_class": "shanchu1",
      "unicode": "e719",
      "unicode_decimal": 59161
    },
    {
      "icon_id": "35245906",
      "name": "新增",
      "font_class": "xinzeng",
      "unicode": "e71a",
      "unicode_decimal": 59162
    },
    {
      "icon_id": "35245907",
      "name": "卡片",
      "font_class": "kapian",
      "unicode": "e71b",
      "unicode_decimal": 59163
    },
    {
      "icon_id": "35201623",
      "name": "隐藏",
      "font_class": "yincang",
      "unicode": "e6f2",
      "unicode_decimal": 59122
    },
    {
      "icon_id": "35201624",
      "name": "账号",
      "font_class": "zhanghao1",
      "unicode": "e6f3",
      "unicode_decimal": 59123
    },
    {
      "icon_id": "35201625",
      "name": "减少",
      "font_class": "jianshao",
      "unicode": "e6f4",
      "unicode_decimal": 59124
    },
    {
      "icon_id": "35201626",
      "name": "增加",
      "font_class": "zengjia",
      "unicode": "e6f5",
      "unicode_decimal": 59125
    },
    {
      "icon_id": "35201627",
      "name": "箭头下",
      "font_class": "jiantouxia",
      "unicode": "e6f6",
      "unicode_decimal": 59126
    },
    {
      "icon_id": "35201628",
      "name": "消息",
      "font_class": "xiaoxi",
      "unicode": "e6f7",
      "unicode_decimal": 59127
    },
    {
      "icon_id": "35201629",
      "name": "后退",
      "font_class": "houtui",
      "unicode": "e6f8",
      "unicode_decimal": 59128
    },
    {
      "icon_id": "35201630",
      "name": "帮助",
      "font_class": "bangzhu",
      "unicode": "e6f9",
      "unicode_decimal": 59129
    },
    {
      "icon_id": "35201631",
      "name": "设备维护",
      "font_class": "shebeiweihu",
      "unicode": "e6fa",
      "unicode_decimal": 59130
    },
    {
      "icon_id": "35201632",
      "name": "编解码库",
      "font_class": "bianjiemaku",
      "unicode": "e6fb",
      "unicode_decimal": 59131
    },
    {
      "icon_id": "35201633",
      "name": "验证码",
      "font_class": "yanzhengma",
      "unicode": "e6fc",
      "unicode_decimal": 59132
    },
    {
      "icon_id": "35201635",
      "name": "箭头上",
      "font_class": "jiantoushang",
      "unicode": "e6fe",
      "unicode_decimal": 59134
    },
    {
      "icon_id": "35201636",
      "name": "产品分类",
      "font_class": "chanpinfenlei",
      "unicode": "e6ff",
      "unicode_decimal": 59135
    },
    {
      "icon_id": "35201637",
      "name": "租户管理",
      "font_class": "zuhuguanli",
      "unicode": "e700",
      "unicode_decimal": 59136
    },
    {
      "icon_id": "35201638",
      "name": "物模型管理",
      "font_class": "wumoxingguanli",
      "unicode": "e701",
      "unicode_decimal": 59137
    },
    {
      "icon_id": "35201639",
      "name": "首页",
      "font_class": "shouye",
      "unicode": "e702",
      "unicode_decimal": 59138
    },
    {
      "icon_id": "35201640",
      "name": "设备管理",
      "font_class": "shebeiguanli",
      "unicode": "e703",
      "unicode_decimal": 59139
    },
    {
      "icon_id": "35201641",
      "name": "设备监控",
      "font_class": "shebeijiankong",
      "unicode": "e704",
      "unicode_decimal": 59140
    },
    {
      "icon_id": "35201642",
      "name": "代码",
      "font_class": "daima",
      "unicode": "e705",
      "unicode_decimal": 59141
    },
    {
      "icon_id": "35201643",
      "name": "日志管理",
      "font_class": "rizhiguanli",
      "unicode": "e706",
      "unicode_decimal": 59142
    },
    {
      "icon_id": "35201644",
      "name": "应用管理",
      "font_class": "yingyongguanli",
      "unicode": "e707",
      "unicode_decimal": 59143
    },
    {
      "icon_id": "35201645",
      "name": "通讯日志",
      "font_class": "tongxunrizhi",
      "unicode": "e708",
      "unicode_decimal": 59144
    },
    {
      "icon_id": "35201646",
      "name": "报文日志",
      "font_class": "baowenrizhi",
      "unicode": "e709",
      "unicode_decimal": 59145
    },
    {
      "icon_id": "35201647",
      "name": "规则引擎",
      "font_class": "guizeyinqing",
      "unicode": "e70a",
      "unicode_decimal": 59146
    },
    {
      "icon_id": "35201648",
      "name": "设备状态日志",
      "font_class": "shebeizhuangtairizhi",
      "unicode": "e70b",
      "unicode_decimal": 59147
    },
    {
      "icon_id": "35201649",
      "name": "系统设置",
      "font_class": "xitongshezhi",
      "unicode": "e70c",
      "unicode_decimal": 59148
    },
    {
      "icon_id": "35201650",
      "name": "在线调试",
      "font_class": "zaixiantiaoshi",
      "unicode": "e70d",
      "unicode_decimal": 59149
    },
    {
      "icon_id": "35201651",
      "name": "显示",
      "font_class": "xianshi",
      "unicode": "e70e",
      "unicode_decimal": 59150
    },
    {
      "icon_id": "35201652",
      "name": "业务流水",
      "font_class": "yewuliushui",
      "unicode": "e70f",
      "unicode_decimal": 59151
    },
    {
      "icon_id": "35201653",
      "name": "规则编排",
      "font_class": "guizebianpai",
      "unicode": "e710",
      "unicode_decimal": 59152
    },
    {
      "icon_id": "35201654",
      "name": "网络组件",
      "font_class": "wangluozujian",
      "unicode": "e711",
      "unicode_decimal": 59153
    },
    {
      "icon_id": "35201655",
      "name": "运维管理",
      "font_class": "yunweiguanli",
      "unicode": "e712",
      "unicode_decimal": 59154
    },
    {
      "icon_id": "35201656",
      "name": "产品维护",
      "font_class": "chanpinweihu",
      "unicode": "e713",
      "unicode_decimal": 59155
    },
    {
      "icon_id": "35201707",
      "name": "密码",
      "font_class": "mima1",
      "unicode": "e6fd",
      "unicode_decimal": 59133
    },
    {
      "icon_id": "1304951",
      "name": "列表",
      "font_class": "liebiao",
      "unicode": "e633",
      "unicode_decimal": 58931
    },
    {
      "icon_id": "587136",
      "name": "table",
      "font_class": "table",
      "unicode": "e816",
      "unicode_decimal": 59414
    },
    {
      "icon_id": "24945599",
      "name": "s_shouqi",
      "font_class": "s_shouqi",
      "unicode": "e6be",
      "unicode_decimal": 59070
    },
    {
      "icon_id": "24945600",
      "name": "s_zhankai",
      "font_class": "s_zhankai",
      "unicode": "e6bf",
      "unicode_decimal": 59071
    },
    {
      "icon_id": "25005941",
      "name": "s_guanjia",
      "font_class": "s_guanjia",
      "unicode": "e6c0",
      "unicode_decimal": 59072
    },
    {
      "icon_id": "25159766",
      "name": "s_left",
      "font_class": "s_left",
      "unicode": "e6c1",
      "unicode_decimal": 59073
    },
    {
      "icon_id": "25159769",
      "name": "s_right",
      "font_class": "s_right1",
      "unicode": "e6c2",
      "unicode_decimal": 59074
    },
    {
      "icon_id": "25883345",
      "name": "优惠券使用人数",
      "font_class": "youhuiquanshiyongrenshu",
      "unicode": "e6d8",
      "unicode_decimal": 59096
    },
    {
      "icon_id": "25883346",
      "name": "优惠券领取人数",
      "font_class": "youhuiquanlingqurenshu",
      "unicode": "e6d9",
      "unicode_decimal": 59097
    },
    {
      "icon_id": "25883347",
      "name": "icon优惠券发行张数",
      "font_class": "iconyouhuiquanfahangzhangshu",
      "unicode": "e6da",
      "unicode_decimal": 59098
    },
    {
      "icon_id": "25883348",
      "name": "icon优惠券领取张数",
      "font_class": "iconyouhuiquanlingquzhangshu",
      "unicode": "e6db",
      "unicode_decimal": 59099
    },
    {
      "icon_id": "25883349",
      "name": "icon优惠券使用张数",
      "font_class": "iconyouhuiquanshiyongzhangshu",
      "unicode": "e6dc",
      "unicode_decimal": 59100
    },
    {
      "icon_id": "26059569",
      "name": "已增重",
      "font_class": "yizengzhong",
      "unicode": "e6c4",
      "unicode_decimal": 59076
    },
    {
      "icon_id": "26059570",
      "name": "建议体重",
      "font_class": "jianyitizhong",
      "unicode": "e6c5",
      "unicode_decimal": 59077
    },
    {
      "icon_id": "26059571",
      "name": "总记录次数",
      "font_class": "zongjilucishu",
      "unicode": "e6c6",
      "unicode_decimal": 59078
    },
    {
      "icon_id": "26059572",
      "name": "最近一次",
      "font_class": "zuijinyici",
      "unicode": "e6ca",
      "unicode_decimal": 59082
    },
    {
      "icon_id": "26059573",
      "name": "目标增重",
      "font_class": "mubiaozengzhong",
      "unicode": "e6cb",
      "unicode_decimal": 59083
    },
    {
      "icon_id": "26059602",
      "name": "达标",
      "font_class": "dabiao",
      "unicode": "e6cc",
      "unicode_decimal": 59084
    },
    {
      "icon_id": "26059603",
      "name": "偏低",
      "font_class": "piandi",
      "unicode": "e6cd",
      "unicode_decimal": 59085
    },
    {
      "icon_id": "26059604",
      "name": "偏高",
      "font_class": "piangao",
      "unicode": "e6d0",
      "unicode_decimal": 59088
    },
    {
      "icon_id": "26059605",
      "name": "最近一次",
      "font_class": "zuijinyici1",
      "unicode": "e6d1",
      "unicode_decimal": 59089
    },
    {
      "icon_id": "26059695",
      "name": "偏低",
      "font_class": "piandi1",
      "unicode": "e6d4",
      "unicode_decimal": 59092
    },
    {
      "icon_id": "26059696",
      "name": "偏高",
      "font_class": "piangao1",
      "unicode": "e6d5",
      "unicode_decimal": 59093
    },
    {
      "icon_id": "26059697",
      "name": "发送",
      "font_class": "fasong",
      "unicode": "e6e2",
      "unicode_decimal": 59106
    },
    {
      "icon_id": "26059698",
      "name": "待随访",
      "font_class": "daisuifang",
      "unicode": "e6e3",
      "unicode_decimal": 59107
    },
    {
      "icon_id": "26059699",
      "name": "视频",
      "font_class": "shipin",
      "unicode": "e6e4",
      "unicode_decimal": 59108
    },
    {
      "icon_id": "26059700",
      "name": "展开",
      "font_class": "zhankai1",
      "unicode": "e6e5",
      "unicode_decimal": 59109
    },
    {
      "icon_id": "26059701",
      "name": "体重",
      "font_class": "tizhong",
      "unicode": "e6e6",
      "unicode_decimal": 59110
    },
    {
      "icon_id": "26059702",
      "name": "血糖",
      "font_class": "xietang",
      "unicode": "e6e7",
      "unicode_decimal": 59111
    },
    {
      "icon_id": "26059703",
      "name": "未查看",
      "font_class": "weichakan",
      "unicode": "e6e8",
      "unicode_decimal": 59112
    },
    {
      "icon_id": "26059704",
      "name": "预览",
      "font_class": "yulan",
      "unicode": "e6e9",
      "unicode_decimal": 59113
    },
    {
      "icon_id": "26059707",
      "name": "收起",
      "font_class": "shouqi1",
      "unicode": "e6ec",
      "unicode_decimal": 59116
    },
    {
      "icon_id": "26059709",
      "name": "icon 知识库",
      "font_class": "a-iconzhishiku1",
      "unicode": "e6ee",
      "unicode_decimal": 59118
    },
    {
      "icon_id": "26059710",
      "name": "icon话术",
      "font_class": "iconhuashu1",
      "unicode": "e6ef",
      "unicode_decimal": 59119
    },
    {
      "icon_id": "26059711",
      "name": "icon 服务包",
      "font_class": "a-iconfuwubao1",
      "unicode": "e6f0",
      "unicode_decimal": 59120
    },
    {
      "icon_id": "26059712",
      "name": "icon 优惠券",
      "font_class": "a-iconyouhuiquan1",
      "unicode": "e6f1",
      "unicode_decimal": 59121
    },
    {
      "icon_id": "26060358",
      "name": "上传",
      "font_class": "shangchuan",
      "unicode": "e6c7",
      "unicode_decimal": 59079
    },
    {
      "icon_id": "26060395",
      "name": "下载",
      "font_class": "xiazai",
      "unicode": "e6c8",
      "unicode_decimal": 59080
    },
    {
      "icon_id": "23061244",
      "name": "患者消息icon",
      "font_class": "huanzhexiaoxiicon",
      "unicode": "e62d",
      "unicode_decimal": 58925
    },
    {
      "icon_id": "23061245",
      "name": "服务icon",
      "font_class": "fuwuicon",
      "unicode": "e62e",
      "unicode_decimal": 58926
    },
    {
      "icon_id": "23061246",
      "name": "话术管理icon",
      "font_class": "huashuguanliicon",
      "unicode": "e62f",
      "unicode_decimal": 58927
    },
    {
      "icon_id": "23061247",
      "name": "患者管理icon",
      "font_class": "huanzheguanliicon",
      "unicode": "e630",
      "unicode_decimal": 58928
    },
    {
      "icon_id": "23061248",
      "name": "专科员工管理icon",
      "font_class": "zhuankeyuangongguanliicon",
      "unicode": "e631",
      "unicode_decimal": 58929
    },
    {
      "icon_id": "23061249",
      "name": "数据统计icon",
      "font_class": "shujutongjiicon",
      "unicode": "e632",
      "unicode_decimal": 58930
    },
    {
      "icon_id": "23130650",
      "name": "编组备份",
      "font_class": "bianzubeifen",
      "unicode": "e637",
      "unicode_decimal": 58935
    },
    {
      "icon_id": "23130652",
      "name": "关闭icon",
      "font_class": "guanbiicon",
      "unicode": "e639",
      "unicode_decimal": 58937
    },
    {
      "icon_id": "23130655",
      "name": "箭头icon备份",
      "font_class": "jiantouiconbeifen",
      "unicode": "e63c",
      "unicode_decimal": 58940
    },
    {
      "icon_id": "23130656",
      "name": "计算icon备份",
      "font_class": "jisuaniconbeifen",
      "unicode": "e63d",
      "unicode_decimal": 58941
    },
    {
      "icon_id": "23130659",
      "name": "删除icon 1备份",
      "font_class": "a-shanchuicon1beifen",
      "unicode": "e640",
      "unicode_decimal": 58944
    },
    {
      "icon_id": "23130664",
      "name": "向上箭头icon",
      "font_class": "xiangshangjiantouicon",
      "unicode": "e645",
      "unicode_decimal": 58949
    },
    {
      "icon_id": "23130665",
      "name": "添加icon",
      "font_class": "tianjiaicon",
      "unicode": "e646",
      "unicode_decimal": 58950
    },
    {
      "icon_id": "23130666",
      "name": "向下箭头icon",
      "font_class": "xiangxiajiantouicon",
      "unicode": "e647",
      "unicode_decimal": 58951
    },
    {
      "icon_id": "23130671",
      "name": "选中icon备份",
      "font_class": "xuanzhongiconbeifen",
      "unicode": "e64c",
      "unicode_decimal": 58956
    },
    {
      "icon_id": "23130672",
      "name": "维度icon备份",
      "font_class": "weiduiconbeifen",
      "unicode": "e64d",
      "unicode_decimal": 58957
    },
    {
      "icon_id": "23130674",
      "name": "转换icon备份",
      "font_class": "zhuanhuaniconbeifen",
      "unicode": "e64f",
      "unicode_decimal": 58959
    },
    {
      "icon_id": "23132615",
      "name": "克隆icon备份",
      "font_class": "kelongiconbeifen",
      "unicode": "e63e",
      "unicode_decimal": 58942
    },
    {
      "icon_id": "23133080",
      "name": "日期icon",
      "font_class": "riqiicon",
      "unicode": "e641",
      "unicode_decimal": 58945
    },
    {
      "icon_id": "23133581",
      "name": "修改icon备份",
      "font_class": "xiugaiiconbeifen1",
      "unicode": "e650",
      "unicode_decimal": 58960
    },
    {
      "icon_id": "23133686",
      "name": "设置icon备份",
      "font_class": "shezhiiconbeifen",
      "unicode": "e651",
      "unicode_decimal": 58961
    },
    {
      "icon_id": "23135090",
      "name": "时间选择器icon",
      "font_class": "shijianxuanzeqiicon",
      "unicode": "e652",
      "unicode_decimal": 58962
    },
    {
      "icon_id": "23135323",
      "name": "时间icon",
      "font_class": "shijianicon",
      "unicode": "e644",
      "unicode_decimal": 58948
    },
    {
      "icon_id": "23135453",
      "name": "层次icon备份",
      "font_class": "cengciiconbeifen",
      "unicode": "e653",
      "unicode_decimal": 58963
    },
    {
      "icon_id": "22600754",
      "name": "警告",
      "font_class": "jinggao",
      "unicode": "e6b4",
      "unicode_decimal": 59060
    },
    {
      "icon_id": "22579698",
      "name": "导出",
      "font_class": "daochu",
      "unicode": "e6a2",
      "unicode_decimal": 59042
    },
    {
      "icon_id": "22579699",
      "name": "导入",
      "font_class": "daoru",
      "unicode": "e6a3",
      "unicode_decimal": 59043
    },
    {
      "icon_id": "22579700",
      "name": "编辑",
      "font_class": "bianji",
      "unicode": "e6a4",
      "unicode_decimal": 59044
    },
    {
      "icon_id": "22579701",
      "name": "删除",
      "font_class": "shanchu",
      "unicode": "e6a5",
      "unicode_decimal": 59045
    },
    {
      "icon_id": "22579703",
      "name": "添加",
      "font_class": "tianjia",
      "unicode": "e6a6",
      "unicode_decimal": 59046
    },
    {
      "icon_id": "22579705",
      "name": "重置",
      "font_class": "zhongzhi",
      "unicode": "e6a7",
      "unicode_decimal": 59047
    },
    {
      "icon_id": "22579803",
      "name": "日期选择器",
      "font_class": "riqixuanzeqi",
      "unicode": "e6aa",
      "unicode_decimal": 59050
    },
    {
      "icon_id": "22579927",
      "name": "向右",
      "font_class": "xiangyou",
      "unicode": "e6ae",
      "unicode_decimal": 59054
    },
    {
      "icon_id": "22584956",
      "name": "头像",
      "font_class": "touxiang",
      "unicode": "e6b6",
      "unicode_decimal": 59062
    },
    {
      "icon_id": "22605331",
      "name": "展开",
      "font_class": "zhankai",
      "unicode": "e6b7",
      "unicode_decimal": 59063
    },
    {
      "icon_id": "22605332",
      "name": "收起",
      "font_class": "shouqi",
      "unicode": "e6b8",
      "unicode_decimal": 59064
    },
    {
      "icon_id": "22611259",
      "name": "关闭",
      "font_class": "guanbi",
      "unicode": "e6b9",
      "unicode_decimal": 59065
    },
    {
      "icon_id": "22858075",
      "name": "搜索",
      "font_class": "sousuo",
      "unicode": "e6c3",
      "unicode_decimal": 59075
    },
    {
      "icon_id": "22958952",
      "name": "密码",
      "font_class": "mima",
      "unicode": "e62c",
      "unicode_decimal": 58924
    },
    {
      "icon_id": "22959494",
      "name": "账号",
      "font_class": "zhanghao",
      "unicode": "e62a",
      "unicode_decimal": 58922
    },
    {
      "icon_id": "23210706",
      "name": "患者头像",
      "font_class": "huanzhetouxiang",
      "unicode": "e648",
      "unicode_decimal": 58952
    },
    {
      "icon_id": "23218548",
      "name": "互联网医院icon",
      "font_class": "hulianwangyiyuanicon",
      "unicode": "e649",
      "unicode_decimal": 58953
    },
    {
      "icon_id": "23380955",
      "name": "icon -Chat record",
      "font_class": "a-icon-Chatrecord",
      "unicode": "e64a",
      "unicode_decimal": 58954
    },
    {
      "icon_id": "23380957",
      "name": "icon -Send pictures",
      "font_class": "a-icon-Sendpictures",
      "unicode": "e654",
      "unicode_decimal": 58964
    },
    {
      "icon_id": "23380962",
      "name": "icon-screenshot",
      "font_class": "icon-screenshot",
      "unicode": "e657",
      "unicode_decimal": 58967
    },
    {
      "icon_id": "23380963",
      "name": "icon-Administrator settings",
      "font_class": "a-icon-Administratorsettings",
      "unicode": "e658",
      "unicode_decimal": 58968
    },
    {
      "icon_id": "23380966",
      "name": "icon-Operation log",
      "font_class": "a-icon-Operationlog",
      "unicode": "e65b",
      "unicode_decimal": 58971
    },
    {
      "icon_id": "23380968",
      "name": "Platform entrance-icon",
      "font_class": "a-Platformentrance-icon",
      "unicode": "e65d",
      "unicode_decimal": 58973
    },
    {
      "icon_id": "23380969",
      "name": "icon-Transfer",
      "font_class": "icon-Transfer",
      "unicode": "e65e",
      "unicode_decimal": 58974
    },
    {
      "icon_id": "23697813",
      "name": "Internet hospital-icon",
      "font_class": "a-Internethospital-icon",
      "unicode": "e65f",
      "unicode_decimal": 58975
    },
    {
      "icon_id": "23698994",
      "name": "Information supplement-Icon",
      "font_class": "a-Informationsupplement-Icon",
      "unicode": "e662",
      "unicode_decimal": 58978
    },
    {
      "icon_id": "23724916",
      "name": "off-line-icon",
      "font_class": "off-line-icon1",
      "unicode": "e663",
      "unicode_decimal": 58979
    },
    {
      "icon_id": "23724917",
      "name": "on-line-icon",
      "font_class": "on-line-icon1",
      "unicode": "e664",
      "unicode_decimal": 58980
    },
    {
      "icon_id": "23787107",
      "name": "classification-icon 1",
      "font_class": "a-classification-icon1",
      "unicode": "e660",
      "unicode_decimal": 58976
    },
    {
      "icon_id": "23787108",
      "name": "content-icon 1",
      "font_class": "a-content-icon1",
      "unicode": "e661",
      "unicode_decimal": 58977
    },
    {
      "icon_id": "24632211",
      "name": "s_huanzheguanli",
      "font_class": "s_huanzheguanli",
      "unicode": "e669",
      "unicode_decimal": 58985
    },
    {
      "icon_id": "24632213",
      "name": "s_huanzhexiaoxi2",
      "font_class": "s_huanzhexiaoxi2",
      "unicode": "e66a",
      "unicode_decimal": 58986
    },
    {
      "icon_id": "24632214",
      "name": "s_jiuzhentixing",
      "font_class": "s_jiuzhentixing",
      "unicode": "e66b",
      "unicode_decimal": 58987
    },
    {
      "icon_id": "24632215",
      "name": "s_jietu",
      "font_class": "s_jietu",
      "unicode": "e66c",
      "unicode_decimal": 58988
    },
    {
      "icon_id": "24632216",
      "name": "s_jinggao",
      "font_class": "s_jinggao",
      "unicode": "e66d",
      "unicode_decimal": 58989
    },
    {
      "icon_id": "24632217",
      "name": "s_liaotianjilu",
      "font_class": "s_liaotianjilu",
      "unicode": "e66e",
      "unicode_decimal": 58990
    },
    {
      "icon_id": "24632220",
      "name": "s_huanzhexiaoxi",
      "font_class": "s_huanzhexiaoxi",
      "unicode": "e670",
      "unicode_decimal": 58992
    },
    {
      "icon_id": "24632222",
      "name": "s_right",
      "font_class": "s_right",
      "unicode": "e671",
      "unicode_decimal": 58993
    },
    {
      "icon_id": "24632224",
      "name": "s_mima",
      "font_class": "s_mima",
      "unicode": "e672",
      "unicode_decimal": 58994
    },
    {
      "icon_id": "24632225",
      "name": "s_jieshu",
      "font_class": "s_jieshu",
      "unicode": "e673",
      "unicode_decimal": 58995
    },
    {
      "icon_id": "24632228",
      "name": "s_shezhi",
      "font_class": "s_shezhi",
      "unicode": "e674",
      "unicode_decimal": 58996
    },
    {
      "icon_id": "24632233",
      "name": "s_wenjian",
      "font_class": "s_wenjian",
      "unicode": "e675",
      "unicode_decimal": 58997
    },
    {
      "icon_id": "24632235",
      "name": "s_sw2",
      "font_class": "s_sw2",
      "unicode": "e676",
      "unicode_decimal": 58998
    },
    {
      "icon_id": "24632237",
      "name": "s_tianjia",
      "font_class": "s_tianjia",
      "unicode": "e677",
      "unicode_decimal": 58999
    },
    {
      "icon_id": "24632238",
      "name": "s_shujutongji",
      "font_class": "s_shujutongji",
      "unicode": "e678",
      "unicode_decimal": 59000
    },
    {
      "icon_id": "24632241",
      "name": "s_zhishiku",
      "font_class": "s_zhishiku",
      "unicode": "e679",
      "unicode_decimal": 59001
    },
    {
      "icon_id": "24632243",
      "name": "s-huashu",
      "font_class": "s-huashu",
      "unicode": "e67a",
      "unicode_decimal": 59002
    },
    {
      "icon_id": "24632244",
      "name": "s_yuyuetixing",
      "font_class": "s_yuyuetixing",
      "unicode": "e67b",
      "unicode_decimal": 59003
    },
    {
      "icon_id": "24632246",
      "name": "S-RIZHI",
      "font_class": "S-RIZHI",
      "unicode": "e67c",
      "unicode_decimal": 59004
    },
    {
      "icon_id": "24632247",
      "name": "s-pingtai",
      "font_class": "s-pingtai",
      "unicode": "e67d",
      "unicode_decimal": 59005
    },
    {
      "icon_id": "24632248",
      "name": "s-huashu_blue",
      "font_class": "s-huashu_blue",
      "unicode": "e67e",
      "unicode_decimal": 59006
    },
    {
      "icon_id": "24632556",
      "name": "s_wenjianjia",
      "font_class": "s_wenjianjia",
      "unicode": "e67f",
      "unicode_decimal": 59007
    },
    {
      "icon_id": "24632571",
      "name": "s_huashu",
      "font_class": "s_huashu",
      "unicode": "e680",
      "unicode_decimal": 59008
    },
    {
      "icon_id": "24632740",
      "name": "s_sousuo",
      "font_class": "s_sousuo",
      "unicode": "e681",
      "unicode_decimal": 59009
    },
    {
      "icon_id": "24632916",
      "name": "s_shanchu",
      "font_class": "s_shanchu",
      "unicode": "e682",
      "unicode_decimal": 59010
    },
    {
      "icon_id": "24633247",
      "name": "s_riqixuanzheqi",
      "font_class": "s_riqixuanzheqi",
      "unicode": "e683",
      "unicode_decimal": 59011
    },
    {
      "icon_id": "24634497",
      "name": "s_yuangongguanli",
      "font_class": "s_yuangongguanli",
      "unicode": "e684",
      "unicode_decimal": 59012
    },
    {
      "icon_id": "24634993",
      "name": "s_mubanguanli",
      "font_class": "s_mubanguanli",
      "unicode": "e685",
      "unicode_decimal": 59013
    },
    {
      "icon_id": "24635112",
      "name": "s_zhanghao2",
      "font_class": "s_zhanghao2",
      "unicode": "e686",
      "unicode_decimal": 59014
    },
    {
      "icon_id": "24637471",
      "name": "s_biaoqing",
      "font_class": "s_biaoqing",
      "unicode": "e687",
      "unicode_decimal": 59015
    },
    {
      "icon_id": "24637603",
      "name": "s_fuxuankuang",
      "font_class": "s_fuxuankuang",
      "unicode": "e688",
      "unicode_decimal": 59016
    },
    {
      "icon_id": "24637604",
      "name": "s_fuxuankuang2",
      "font_class": "s_fuxuankuang2",
      "unicode": "e689",
      "unicode_decimal": 59017
    },
    {
      "icon_id": "24638011",
      "name": "s_daochu",
      "font_class": "s_daochu",
      "unicode": "e68a",
      "unicode_decimal": 59018
    },
    {
      "icon_id": "24638444",
      "name": "s_chongzhi",
      "font_class": "s_chongzhi",
      "unicode": "e68b",
      "unicode_decimal": 59019
    },
    {
      "icon_id": "24641480",
      "name": "s_fasong",
      "font_class": "s_fasong",
      "unicode": "e68c",
      "unicode_decimal": 59020
    },
    {
      "icon_id": "24632180",
      "name": "classification-icon",
      "font_class": "classification-icon",
      "unicode": "e691",
      "unicode_decimal": 59025
    },
    {
      "icon_id": "24632182",
      "name": "content-icon",
      "font_class": "content-icon",
      "unicode": "e693",
      "unicode_decimal": 59027
    },
    {
      "icon_id": "24632183",
      "name": "icon-Transfer",
      "font_class": "icon-Transfer2",
      "unicode": "e694",
      "unicode_decimal": 59028
    },
    {
      "icon_id": "24632184",
      "name": "icon-end",
      "font_class": "icon-end1",
      "unicode": "e695",
      "unicode_decimal": 59029
    },
    {
      "icon_id": "24632188",
      "name": "Information supplement-Icon",
      "font_class": "a-Informationsupplement-Icon1",
      "unicode": "e699",
      "unicode_decimal": 59033
    },
    {
      "icon_id": "24632189",
      "name": "Message reminder-Icon",
      "font_class": "a-Messagereminder-Icon",
      "unicode": "e69a",
      "unicode_decimal": 59034
    },
    {
      "icon_id": "24632190",
      "name": "icon-upload",
      "font_class": "icon-upload1",
      "unicode": "e69b",
      "unicode_decimal": 59035
    },
    {
      "icon_id": "24632192",
      "name": "s_fasongtupian",
      "font_class": "s_fasongtupian",
      "unicode": "e69c",
      "unicode_decimal": 59036
    },
    {
      "icon_id": "24632193",
      "name": "s_chonglai",
      "font_class": "s_chonglai",
      "unicode": "e69d",
      "unicode_decimal": 59037
    },
    {
      "icon_id": "24632195",
      "name": "s_biaoqian",
      "font_class": "s_biaoqian",
      "unicode": "e69e",
      "unicode_decimal": 59038
    },
    {
      "icon_id": "24632196",
      "name": "s_fuwu_",
      "font_class": "s_fuwu_",
      "unicode": "e69f",
      "unicode_decimal": 59039
    },
    {
      "icon_id": "24632197",
      "name": "s_gongzuotai",
      "font_class": "s_gongzuotai",
      "unicode": "e6a0",
      "unicode_decimal": 59040
    },
    {
      "icon_id": "24632202",
      "name": "s_chakan",
      "font_class": "s_chakan",
      "unicode": "e6a1",
      "unicode_decimal": 59041
    },
    {
      "icon_id": "24632203",
      "name": "s_genjinrenwu",
      "font_class": "s_genjinrenwu",
      "unicode": "e6a8",
      "unicode_decimal": 59048
    },
    {
      "icon_id": "24632204",
      "name": "s_fuwu_blue",
      "font_class": "s_fuwu_blue",
      "unicode": "e6a9",
      "unicode_decimal": 59049
    },
    {
      "icon_id": "24632205",
      "name": "s_huanzheguanli2",
      "font_class": "s_huanzheguanli2",
      "unicode": "e6ab",
      "unicode_decimal": 59051
    },
    {
      "icon_id": "24632206",
      "name": "s_guanliyuan",
      "font_class": "s_guanliyuan",
      "unicode": "e6ac",
      "unicode_decimal": 59052
    },
    {
      "icon_id": "24632208",
      "name": "s_jiantou",
      "font_class": "s_jiantou",
      "unicode": "e6af",
      "unicode_decimal": 59055
    },
    {
      "icon_id": "24632209",
      "name": "s_huashu",
      "font_class": "s_huashu1",
      "unicode": "e6b0",
      "unicode_decimal": 59056
    },
    {
      "icon_id": "24632210",
      "name": "s_huihua",
      "font_class": "s_huihua",
      "unicode": "e6b1",
      "unicode_decimal": 59057
    },
    {
      "icon_id": "24642193",
      "name": "s_baocun",
      "font_class": "s_baocun",
      "unicode": "e68d",
      "unicode_decimal": 59021
    },
    {
      "icon_id": "24642254",
      "name": "s_zhedieshang",
      "font_class": "s_zhedieshang",
      "unicode": "e68e",
      "unicode_decimal": 59022
    },
    {
      "icon_id": "24642255",
      "name": "s_zhediexia",
      "font_class": "s_zhediexia",
      "unicode": "e68f",
      "unicode_decimal": 59023
    },
    {
      "icon_id": "24642323",
      "name": "s_guanbi",
      "font_class": "s_guanbi",
      "unicode": "e690",
      "unicode_decimal": 59024
    },
    {
      "icon_id": "24643606",
      "name": "icon-Star-Unchecked",
      "font_class": "icon-Star-Unchecked",
      "unicode": "e692",
      "unicode_decimal": 59026
    },
    {
      "icon_id": "24769165",
      "name": "基本信息icon",
      "font_class": "jibenxinxiicon",
      "unicode": "e697",
      "unicode_decimal": 59031
    },
    {
      "icon_id": "24769166",
      "name": "标签icon",
      "font_class": "biaoqianicon",
      "unicode": "e698",
      "unicode_decimal": 59032
    },
    {
      "icon_id": "24791189",
      "name": "icon-Star",
      "font_class": "icon-Star",
      "unicode": "e6ad",
      "unicode_decimal": 59053
    },
    {
      "icon_id": "24815053",
      "name": "s_Completed",
      "font_class": "s_Completed",
      "unicode": "e6b2",
      "unicode_decimal": 59058
    },
    {
      "icon_id": "24815275",
      "name": "s_female",
      "font_class": "s_female",
      "unicode": "e6b3",
      "unicode_decimal": 59059
    },
    {
      "icon_id": "24815276",
      "name": "s_male",
      "font_class": "s_male",
      "unicode": "e6b5",
      "unicode_decimal": 59061
    },
    {
      "icon_id": "24816871",
      "name": "s_yiguoqi",
      "font_class": "s_yiguoqi",
      "unicode": "e6ba",
      "unicode_decimal": 59066
    },
    {
      "icon_id": "24841679",
      "name": "s_jiantouzuo2",
      "font_class": "s_jiantouzuo2",
      "unicode": "e6bb",
      "unicode_decimal": 59067
    },
    {
      "icon_id": "24941266",
      "name": "s_tianjia",
      "font_class": "s_tianjia1",
      "unicode": "e696",
      "unicode_decimal": 59030
    },
    {
      "icon_id": "24941267",
      "name": "s_shanchu",
      "font_class": "s_shanchu1",
      "unicode": "e6bc",
      "unicode_decimal": 59068
    },
    {
      "icon_id": "24941814",
      "name": "s_xiugai",
      "font_class": "s_xiugai",
      "unicode": "e6bd",
      "unicode_decimal": 59069
    }
  ]
}
